{
	"name":"Coronavac",
	"id":2,
	"t_init":2.0,
	"t_med":5.0,
	"t_max":8.0,
	"cordinates":[[-40.29808, -20.29206], [-40.29797, -20.2924], [-40.29798, -20.2924], [-40.29799, -20.2924], [-40.29799, -20.29241], [-40.298, -20.29241], [-40.298, -20.29242], [-40.29801, -20.29242], [-40.29801, -20.29243], [-40.29802, -20.29243], [-40.29802, -20.29244], [-40.29802, -20.29245], [-40.29802, -20.29246], [-40.29802, -20.29247], [-40.29802, -20.29248], [-40.29802, -20.29249], [-40.29801, -20.29249], [-40.29801, -20.2925], [-40.298, -20.29251], [-40.29799, -20.29251], [-40.29799, -20.29252], [-40.29798, -20.29252], [-40.29797, -20.29252], [-40.29796, -20.29252], [-40.29795, -20.29252], [-40.29794, -20.29252], [-40.29793, -20.29252], [-40.29792, -20.29252], [-40.29792, -20.29251], [-40.29791, -20.29251], [-40.29791, -20.2925], [-40.2979, -20.2925], [-40.2979, -20.29249], [-40.29789, -20.29249], [-40.29789, -20.29248], [-40.29789, -20.29247], [-40.29789, -20.29246], [-40.29789, -20.29245], [-40.29789, -20.29244], [-40.29703, -20.29225], [-40.29696, -20.29225], [-40.29691, -20.29225], [-40.29684, -20.29224], [-40.29678, -20.29223], [-40.29671, -20.29222], [-40.29666, -20.2922], [-40.29628, -20.29203], [-40.29621, -20.29201], [-40.29617, -20.29201], [-40.29613, -20.292], [-40.29609, -20.29201], [-40.29606, -20.29201], [-40.29603, -20.29203], [-40.29599, -20.29204], [-40.29595, -20.29207], [-40.29593, -20.2921], [-40.29583, -20.29222], [-40.29556, -20.29254], [-40.29522, -20.29293], [-40.29487, -20.29332], [-40.29482, -20.29337], [-40.2948, -20.29342], [-40.29477, -20.29347], [-40.29475, -20.29352], [-40.29468, -20.29376], [-40.29467, -20.2938], [-40.29352, -20.29443], [-40.29347, -20.29446], [-40.29343, -20.29449], [-40.29251, -20.29512], [-40.29251, -20.29513], [-40.29251, -20.29514], [-40.29252, -20.29514], [-40.29252, -20.29515], [-40.29252, -20.29516], [-40.29252, -20.29517], [-40.29252, -20.29518], [-40.29251, -20.29518], [-40.29251, -20.29519], [-40.29251, -20.2952], [-40.2925, -20.29521], [-40.2925, -20.29522], [-40.29249, -20.29523], [-40.29248, -20.29524], [-40.29247, -20.29524], [-40.29246, -20.29525], [-40.29245, -20.29525], [-40.29244, -20.29525], [-40.29243, -20.29525], [-40.29242, -20.29526], [-40.29241, -20.29525], [-40.2924, -20.29525], [-40.29239, -20.29525], [-40.29238, -20.29525], [-40.29237, -20.29525], [-40.29237, -20.29524], [-40.29236, -20.29524], [-40.29235, -20.29524], [-40.29235, -20.29523], [-40.29234, -20.29523], [-40.29234, -20.29522], [-40.29233, -20.29522], [-40.29233, -20.29521], [-40.29194, -20.29545], [-40.2916, -20.29569], [-40.2916, -20.2957], [-40.29161, -20.2957], [-40.29161, -20.29571], [-40.29161, -20.29572], [-40.29161, -20.29573], [-40.29161, -20.29574], [-40.29161, -20.29575], [-40.29161, -20.29576], [-40.2916, -20.29576], [-40.2916, -20.29577], [-40.2916, -20.29578], [-40.29159, -20.29578], [-40.29158, -20.29578], [-40.29158, -20.29579], [-40.29157, -20.29579], [-40.29156, -20.29579], [-40.29155, -20.29579], [-40.29154, -20.29579], [-40.29153, -20.29579], [-40.29152, -20.29579], [-40.29152, -20.29578], [-40.29151, -20.29578], [-40.2915, -20.29577], [-40.29065, -20.29635], [-40.291, -20.29687], [-40.29134, -20.29738], [-40.29145, -20.2975], [-40.29155, -20.29762], [-40.29177, -20.29796], [-40.29199, -20.2983], [-40.29203, -20.29843], [-40.29216, -20.29873], [-40.29222, -20.29892], [-40.29226, -20.29909], [-40.2923, -20.29932], [-40.29232, -20.29947], [-40.29231, -20.29962], [-40.29231, -20.29976], [-40.29229, -20.29995], [-40.29227, -20.30007], [-40.29225, -20.3002], [-40.29224, -20.30026], [-40.29222, -20.30037], [-40.2919, -20.3014], [-40.29188, -20.3015], [-40.29184, -20.30167], [-40.29185, -20.30191], [-40.29185, -20.30256], [-40.29188, -20.30279], [-40.29188, -20.3029], [-40.29187, -20.30319], [-40.29188, -20.30329], [-40.29189, -20.30333], [-40.2919, -20.3034], [-40.29193, -20.30351], [-40.29203, -20.30368], [-40.29221, -20.30395], [-40.29232, -20.30411], [-40.29245, -20.30426], [-40.29258, -20.30441], [-40.29259, -20.30442], [-40.29281, -20.30469], [-40.2929, -20.30479], [-40.29302, -20.30491], [-40.29329, -20.3053], [-40.29356, -20.30568], [-40.29358, -20.30571], [-40.29361, -20.30574], [-40.29399, -20.30625], [-40.29437, -20.30675], [-40.29472, -20.30654], [-40.2949, -20.30643], [-40.29508, -20.30632], [-40.29542, -20.30612], [-40.29591, -20.3058], [-40.29597, -20.30576], [-40.29608, -20.30569], [-40.29653, -20.3054], [-40.29673, -20.30527], [-40.29702, -20.30513], [-40.29709, -20.30509], [-40.29716, -20.30504], [-40.29737, -20.30487], [-40.29739, -20.30486], [-40.29764, -20.30469], [-40.29772, -20.30464], [-40.29868, -20.30402], [-40.29868, -20.30401], [-40.29867, -20.30401], [-40.29867, -20.304], [-40.29867, -20.30399], [-40.29867, -20.30398], [-40.29866, -20.30398], [-40.29866, -20.30397], [-40.29866, -20.30396], [-40.29867, -20.30396], [-40.29867, -20.30395], [-40.29867, -20.30394], [-40.29867, -20.30393], [-40.29868, -20.30393], [-40.29868, -20.30392], [-40.29869, -20.30392], [-40.2987, -20.30391], [-40.29871, -20.30391], [-40.29872, -20.30391], [-40.29872, -20.3039], [-40.29873, -20.3039], [-40.29874, -20.3039], [-40.29875, -20.3039], [-40.29875, -20.30391], [-40.29876, -20.30391], [-40.29877, -20.30391], [-40.29878, -20.30391], [-40.29878, -20.30392], [-40.29879, -20.30392], [-40.29879, -20.30393], [-40.2988, -20.30393], [-40.2988, -20.30394], [-40.2988, -20.30395], [-40.29881, -20.30396], [-40.29881, -20.30397], [-40.29881, -20.30398], [-40.29881, -20.30399], [-40.2988, -20.30399], [-40.2988, -20.304], [-40.2988, -20.30401], [-40.29879, -20.30401], [-40.29879, -20.30402], [-40.29878, -20.30402], [-40.29878, -20.30403], [-40.29877, -20.30403], [-40.29876, -20.30403], [-40.29876, -20.30404], [-40.29875, -20.30404], [-40.29874, -20.30404], [-40.29873, -20.30404], [-40.29872, -20.30404], [-40.29871, -20.30403], [-40.2987, -20.30403], [-40.29869, -20.30403], [-40.29869, -20.30402], [-40.29868, -20.30402], [-40.29772, -20.30464], [-40.29764, -20.30469], [-40.29788, -20.30504], [-40.29812, -20.30538], [-40.29836, -20.30572], [-40.29837, -20.30572], [-40.29837, -20.30573], [-40.29838, -20.30573], [-40.29839, -20.30573], [-40.29839, -20.30574], [-40.2984, -20.30574], [-40.2984, -20.30575], [-40.2984, -20.30576], [-40.2984, -20.30577], [-40.2984, -20.30578], [-40.29839, -20.30579], [-40.29849, -20.30589], [-40.29861, -20.30604], [-40.29868, -20.30616], [-40.29874, -20.30628], [-40.29868, -20.30616], [-40.29861, -20.30604], [-40.29849, -20.30589], [-40.29839, -20.30579], [-40.29839, -20.3058], [-40.29838, -20.3058], [-40.29837, -20.3058], [-40.29837, -20.30581], [-40.29836, -20.30581], [-40.29835, -20.30581], [-40.29834, -20.30581], [-40.29834, -20.3058], [-40.29833, -20.3058], [-40.29833, -20.30579], [-40.29832, -20.30579], [-40.29832, -20.30578], [-40.29831, -20.30578], [-40.29831, -20.30577], [-40.29831, -20.30576], [-40.29831, -20.30575], [-40.29832, -20.30575], [-40.29832, -20.30574], [-40.29833, -20.30574], [-40.29833, -20.30573], [-40.29834, -20.30573], [-40.29835, -20.30573], [-40.29835, -20.30572], [-40.29836, -20.30572], [-40.29812, -20.30538], [-40.29788, -20.30504], [-40.29764, -20.30469], [-40.29772, -20.30464], [-40.29868, -20.30402], [-40.29868, -20.30401], [-40.29867, -20.30401], [-40.29867, -20.304], [-40.29867, -20.30399], [-40.29867, -20.30398], [-40.29866, -20.30398], [-40.29866, -20.30397], [-40.29866, -20.30396], [-40.29867, -20.30396], [-40.29867, -20.30395], [-40.29867, -20.30394], [-40.29867, -20.30393], [-40.29868, -20.30393], [-40.29868, -20.30392], [-40.29869, -20.30392], [-40.2987, -20.30391], [-40.29871, -20.30391], [-40.29872, -20.30391], [-40.29872, -20.3039], [-40.29873, -20.3039], [-40.29874, -20.3039], [-40.29875, -20.3039], [-40.29875, -20.30391], [-40.29876, -20.30391], [-40.29877, -20.30391], [-40.29878, -20.30391], [-40.29878, -20.30392], [-40.29879, -20.30392], [-40.29879, -20.30393], [-40.2988, -20.30393], [-40.29982, -20.3033], [-40.29986, -20.30328], [-40.29991, -20.30325], 