{
	"name":"Pfizer",
	"id":0,
	"t_init":-90.0,
	"t_med":-75.0,
	"t_max":-60.0,
	"cordinates":[[-40.29483, -20.28144], [-40.29492, -20.28133], [-40.29547, -20.28056], [-40.29564, -20.28036], [-40.29571, -20.2804], [-40.29548, -20.28072], [-40.29492, -20.28147], [-40.29467, -20.28178], [-40.29439, -20.28215], [-40.29442, -20.28217], [-40.29444, -20.2822], [-40.29446, -20.28223], [-40.29448, -20.28226], [-40.2945, -20.28229], [-40.29451, -20.28233], [-40.29452, -20.28236], [-40.29453, -20.28239], [-40.29483, -20.28234], [-40.29509, -20.2823], [-40.29546, -20.28225], [-40.29574, -20.28221], [-40.29607, -20.28218], [-40.29635, -20.28215], [-40.29674, -20.28209], [-40.29706, -20.28204], [-40.29741, -20.282], [-40.29771, -20.28195], [-40.29798, -20.28191], [-40.29824, -20.28186], [-40.29823, -20.28184], [-40.29823, -20.28181], [-40.29822, -20.28179], [-40.29822, -20.28176], [-40.29822, -20.28174], [-40.29822, -20.28171], [-40.29823, -20.28169], [-40.29825, -20.28162], [-40.29832, -20.28155], [-40.29836, -20.28152], [-40.29839, -20.2815], [-40.29845, -20.28148], [-40.29851, -20.28145], [-40.29858, -20.28144], [-40.29865, -20.28143], [-40.29873, -20.28143], [-40.2988, -20.28144], [-40.29882, -20.28145], [-40.29884, -20.28145], [-40.29886, -20.28146], [-40.29888, -20.28146], [-40.2989, -20.28147], [-40.29892, -20.28148], [-40.29894, -20.28149], [-40.29895, -20.2815], [-40.29899, -20.28152], [-40.29901, -20.28155], [-40.29904, -20.28158], [-40.29906, -20.28161], [-40.29908, -20.28164], [-40.2991, -20.28168], [-40.29911, -20.28172], [-40.29913, -20.28175], [-40.29938, -20.28173], [-40.29968, -20.28169], [-40.29999, -20.28166], [-40.3003, -20.28163], [-40.30064, -20.28158], [-40.30065, -20.28157], [-40.30098, -20.28152], [-40.30142, -20.28147], [-40.30165, -20.28145], [-40.30177, -20.28144], [-40.30187, -20.28195], [-40.30195, -20.28236], [-40.30204, -20.28277], [-40.30211, -20.28299], [-40.30215, -20.28308], [-40.3022, -20.28317], [-40.3023, -20.28335], [-40.30241, -20.28358], [-40.30245, -20.28366], [-40.30248, -20.28374], [-40.30252, -20.28382], [-40.30255, -20.2839], [-40.30287, -20.28449], [-40.30292, -20.2846], [-40.30293, -20.28462], [-40.30295, -20.28467], [-40.30302, -20.28478], [-40.30327, -20.28512], [-40.30338, -20.28525], [-40.3035, -20.28539], [-40.30362, -20.28553], [-40.3037, -20.28563], [-40.30394, -20.28591], [-40.30404, -20.28609], [-40.30415, -20.2863], [-40.30418, -20.28639], [-40.30419, -20.2864], [-40.30424, -20.28653], [-40.30424, -20.28656], [-40.30424, -20.28657], [-40.30427, -20.28668], [-40.3043, -20.28682], [-40.30432, -20.28711], [-40.3043, -20.28739], [-40.3043, -20.28742], [-40.30427, -20.28756], [-40.30425, -20.28774], [-40.30414, -20.28807], [-40.30389, -20.28875], [-40.30345, -20.28977], [-40.3034, -20.28988], [-40.30291, -20.29104], [-40.30286, -20.29116], [-40.30281, -20.29128], [-40.3026, -20.29178], [-40.30253, -20.29192], [-40.30239, -20.29227], [-40.30214, -20.29286], [-40.30189, -20.29344], [-40.30176, -20.29376], [-40.30163, -20.29408], [-40.30153, -20.29434], [-40.30143, -20.2946], [-40.30116, -20.29525], [-40.30088, -20.29596], [-40.3006, -20.29673], [-40.30037, -20.29726], [-40.30021, -20.29761], [-40.29998, -20.29822], [-40.29973, -20.29881], [-40.29908, -20.30038], [-40.29951, -20.30098], [-40.29995, -20.30161], [-40.29997, -20.30164], [-40.3, -20.30167], [-40.29961, -20.30193], [-40.29959, -20.30194], [-40.29919, -20.30222], [-40.29915, -20.30225], [-40.29911, -20.30227], [-40.29908, -20.30224], [-40.29906, -20.3022], [-40.2989, -20.30199], [-40.29874, -20.30178], [-40.29852, -20.3017], [-40.29843, -20.30167], [-40.29836, -20.30164], [-40.29835, -20.30162], [-40.29834, -20.30157], [-40.29832, -20.3015], [-40.29833, -20.30146], [-40.29833, -20.30141], [-40.29833, -20.30135], [-40.29833, -20.3013], [-40.29833, -20.30126], [-40.29831, -20.30122], [-40.29814, -20.301], [-40.29798, -20.30079], [-40.2976, -20.30028], [-40.2976, -20.30027], [-40.29723, -20.29975], [-40.29685, -20.2992], [-40.29647, -20.29866], [-40.29589, -20.29787], [-40.2958, -20.29773], [-40.2957, -20.29764], [-40.29536, -20.29713], [-40.29501, -20.29661], [-40.29449, -20.29694], [-40.294, -20.29721], [-40.29401, -20.29721], [-40.29401, -20.29722], [-40.29402, -20.29722], [-40.29402, -20.29723], [-40.29403, -20.29724], [-40.29403, -20.29725], [-40.29403, -20.29726], [-40.29404, -20.29727], [-40.29404, -20.29728], [-40.29404, -20.29729], [-40.29404, -20.2973], [-40.29403, -20.2973], [-40.29403, -20.29731], [-40.29403, -20.29732], [-40.29403, -20.29733], [-40.29402, -20.29733], [-40.29402, -20.29734], [-40.29401, -20.29735], [-40.294, -20.29736], [-40.29399, -20.29737], [-40.29398, -20.29737], [-40.29398, -20.29738], [-40.29397, -20.29738], [-40.29396, -20.29738], [-40.29395, -20.29738], [-40.29395, -20.29739], [-40.29394, -20.29739], [-40.29393, -20.29739], [-40.29392, -20.29739], [-40.29391, -20.29739], [-40.2939, -20.29739], [-40.2939, -20.29738], [-40.29389, -20.29738], [-40.29388, -20.29738], [-40.29387, -20.29737], [-40.29386, -20.29737], [-40.29385, -20.29736], [-40.29384, -20.29735], [-40.29384, -20.29734], [-40.29383, -20.29734], [-40.29306, -20.2978], [-40.29306, -20.29781], [-40.29307, -20.29781], [-40.29307, -20.29782], [-40.29307, -20.29783], [-40.29307, -20.29784], [-40.29307, -20.29785], [-40.29307, -20.29786], [-40.29307, -20.29787], [-40.29307, -20.29788], [-40.29306, -20.29788], [-40.29306, -20.29789], [-40.29305, -20.29789], [-40.29305, -20.2979], [-40.29304, -20.2979], [-40.29303, -20.2979], [-40.29302, -20.29791], [-40.29301, -20.29791], [-40.293, -20.29791], [-40.29299, -20.29791], [-40.29299, -20.2979], [-40.29298, -20.2979], [-40.29297, -20.2979], [-40.29297, -20.29789], [-40.29296, -20.29789], [-40.29295, -20.29788], [-40.29295, -20.29787], [-40.29294, -20.29787], [-40.29294, -20.29786], [-40.29294, -20.29785], [-40.29294, -20.29784], [-40.29294, -20.29783], [-40.29294, -20.29782], [-40.29295, -20.29782], [-40.29295, -20.29781], [-40.29295, -20.2978], [-40.29296, -20.2978], [-40.29296, -20.29779], [-40.29297, -20.29779], [-40.2928, -20.29754], [-40.29261, -20.29727], [-40.29232, -20.29683], [-40.29232, -20.29684], [-40.29231, -20.29684], [-40.29231, -20.29685], [-40.2923, -20.29685], [-40.29229, -20.29685], [-40.29228, -20.29685], [-40.29228, -20.29686], [-40.29227, -20.29686], [-40.29226, -20.29686], [-40.29225, -20.29686], [-40.29225, -20.29685], [-40.29224, -20.29685], [-40.29223, -20.29685], [-40.29223, -20.29684], [-40.29222, -20.29684], [-40.29221, -20.29683], [-40.2918, -20.29708], [-40.2916, -20.29721], [-40.29134, -20.29738], [-40.29122, -20.29742], [-40.2908, -20.29675], [-40.29056, -20.29642], [-40.29044, -20.29631], [-40.29012, -20.29591], [-40.28979, -20.29552], [-40.28954, -20.29518], [-40.28946, -20.29505], [-40.28935, -20.29474], [-40.28923, -20.29444], [-40.28912, -20.29414], [-40.28908, -20.294], [-40.28906, -20.29388], [-40.28906, -20.29377], [-40.28906, -20.29367], [-40.28907, -20.29359], [-40.2891, -20.29348], [-40.28917, -20.29332], [-40.28923, -20.29319], [-40.28944, -20.29281], [-40.28956, -20.29258], [-40.28976, -20.29223], [-40.28986, -20.29205], [-40.28989, -20.292], [-40.29003, -20.29175], [-40.2901, -20.29158], [-40.29015, -20.29148], [-40.29015, -20.29147], [-40.2902, -20.29129], [-40.29032, -20.29084], [-40.29037, -20.29064], [-40.29055, -20.28984], [-40.29074, -20.28889], [-40.29089, -20.28823], [-40.29091, -20.28793], [-40.29094, -20.28741], [-40.29089, -20.28663], [-40.29087, -20.28645], [-40.29083, -20.28621], [-40.2908, -20.28597], [-40.29058, -20.28513], [-40.29047, -20.28478], [-40.29041, -20.28464], [-40.29037, -20.2845], [-40.29026, -20.28422], [-40.29022, -20.28415], [-40.29011, -20.28394], [-40.28996, -20.28369], [-40.28975, -20.28335], [-40.28976, -20.28331], [-40.28976, -20.28326], [-40.28974, -20.28321], [-40.28971, -20.28315], [-40.2897, -20.28311], [-40.2897, -20.28309], [-40.2897, -20.28307], [-40.2897, -20.28306], [-40.28971, -20.28305], [-40.28972, -20.28304], [-40.28973, 