{
	"name":"Janssen",
	"id":3,
	"t_init":10.0,
	"t_med":15.0,
	"t_max":20.0,
	"cordinates":[[-40.33905, -20.33316], [-40.3389, -20.33311], [-40.33879, -20.3331], [-40.33856, -20.33306], [-40.33845, -20.33285], [-40.33845, -20.33284], [-40.33818, -20.3323], [-40.33826, -20.3323], [-40.33837, -20.33235], [-40.33847, -20.33238], [-40.33851, -20.3324], [-40.33859, -20.3324], [-40.33903, -20.33234], [-40.33908, -20.33229], [-40.33802, -20.33159], [-40.33713, -20.33112], [-40.3372, -20.33097], [-40.33786, -20.32976], [-40.33803, -20.32935], [-40.33805, -20.32927], [-40.33806, -20.32925], [-40.3381, -20.32887], [-40.33809, -20.3287], [-40.33805, -20.32852], [-40.33803, -20.32852], [-40.33803, -20.32851], [-40.33801, -20.32851], [-40.33801, -20.3285], [-40.338, -20.3285], [-40.338, -20.32844], [-40.33801, -20.32844], [-40.33801, -20.32843], [-40.33802, -20.32843], [-40.33803, -20.32842], [-40.33807, -20.32842], [-40.33807, -20.32843], [-40.33808, -20.32843], [-40.33808, -20.32844], [-40.33809, -20.32844], [-40.33809, -20.32845], [-40.3381, -20.32845], [-40.3381, -20.32848], [-40.33837, -20.32828], [-40.33857, -20.32806], [-40.33926, -20.32701], [-40.33953, -20.32665], [-40.3399, -20.32627], [-40.34, -20.32619], [-40.34029, -20.326], [-40.34039, -20.32595], [-40.34048, -20.32592], [-40.34049, -20.32591], [-40.34073, -20.32585], [-40.34097, -20.32581], [-40.34276, -20.32588], [-40.34305, -20.32593], [-40.34344, -20.32605], [-40.34366, -20.32616], [-40.34382, -20.32627], [-40.34609, -20.32824], [-40.34631, -20.32836], [-40.34684, -20.3286], [-40.34752, -20.32886], [-40.34755, -20.32886], [-40.34789, -20.32896], [-40.34832, -20.32902], [-40.34935, -20.32906], [-40.34955, -20.32904], [-40.35181, -20.32896], [-40.35204, -20.32894], [-40.35246, -20.32883], [-40.35304, -20.32865], [-40.35266, -20.328], [-40.35232, -20.32758], [-40.35215, -20.32729], [-40.35203, -20.3269], [-40.35204, -20.32686], [-40.35069, -20.32445], [-40.35041, -20.32391], [-40.35035, -20.32373], [-40.35032, -20.32368], [-40.35029, -20.32359], [-40.35029, -20.3235], [-40.35041, -20.32311], [-40.35044, -20.32306], [-40.35056, -20.32277], [-40.35061, -20.32268], [-40.35061, -20.32259], [-40.35063, -20.32253], [-40.35072, -20.32233], [-40.35077, -20.32212], [-40.35079, -20.32188], [-40.3507, -20.32164], [-40.35064, -20.32153], [-40.35054, -20.32142], [-40.35035, -20.3213], [-40.35007, -20.32118], [-40.3484, -20.32096], [-40.34812, -20.32086], [-40.3478, -20.32084], [-40.34612, -20.32128], [-40.34537, -20.32152], [-40.34524, -20.32155], [-40.34501, -20.32163], [-40.34486, -20.32167], [-40.34449, -20.32172], [-40.34433, -20.32172], [-40.34394, -20.32166], [-40.34375, -20.32165], [-40.34341, -20.32169], [-40.34227, -20.32195], [-40.34145, -20.32208], [-40.34075, -20.32212], [-40.33953, -20.32212], [-40.33834, -20.322], [-40.33771, -20.32191], [-40.337, -20.32163], [-40.3354, -20.3211], [-40.33479, -20.32094], [-40.33473, -20.32091], [-40.33414, -20.32069], [-40.33397, -20.32061], [-40.33358, -20.32039], [-40.3334, -20.32031], [-40.33144, -20.31984], [-40.32947, -20.31958], [-40.32936, -20.31958], [-40.32902, -20.31962], [-40.32873, -20.31968], [-40.3285, -20.31975], [-40.3282, -20.31988], [-40.32815, -20.31992], [-40.32797, -20.32003], [-40.32796, -20.32003], [-40.32727, -20.32051], [-40.32692, -20.3207], [-40.32678, -20.32075], [-40.32659, -20.32077], [-40.32647, -20.32076], [-40.32622, -20.3207], [-40.32616, -20.32067], [-40.32603, -20.32057], [-40.32589, -20.3204], [-40.32582, -20.32023], [-40.32578, -20.32002], [-40.32577, -20.31992], [-40.32573, -20.31981], [-40.32559, -20.31964], [-40.32522, -20.31927], [-40.32517, -20.31921], [-40.32507, -20.31906], [-40.32505, -20.31902], [-40.32502, -20.31892], [-40.325, -20.3188], [-40.32499, -20.31863], [-40.32496, -20.31846], [-40.3249, -20.31831], [-40.32485, -20.31822], [-40.32474, -20.31806], [-40.32452, -20.3178], [-40.32421, -20.31733], [-40.32305, -20.31583], [-40.32147, -20.31365], [-40.32093, -20.31393], [-40.32021, -20.31381], [-40.32018, -20.3138], [-40.32014, -20.3138], [-40.3203, -20.31302], [-40.32044, -20.31218], [-40.32044, -20.31211], [-40.32051, -20.31181], [-40.32059, -20.31114], [-40.32075, -20.31032], [-40.32088, -20.30948], [-40.32096, -20.30914], [-40.32113, -20.3081], [-40.32113, -20.30803], [-40.32129, -20.30708], [-40.32139, -20.30687], [-40.32148, -20.30676], [-40.3215, -20.30675], [-40.32163, -20.30663], [-40.32197, -20.30642], [-40.32279, -20.30603], [-40.3231, -20.30585], [-40.3231, -20.30579], [-40.32311, -20.30575], [-40.32312, -20.30574], [-40.32313, -20.30571], [-40.32314, -20.3057], [-40.32319, -20.30558], [-40.32319, -20.30554], [-40.32321, -20.3055], [-40.32321, -20.30543], [-40.3232, -20.3054], [-40.3232, -20.30537], [-40.32318, -20.30531], [-40.32316, -20.30528], [-40.32309, -20.30499], [-40.32309, -20.30489], [-40.32304, -20.30443], [-40.323, -20.30425], [-40.32292, -20.30407], [-40.32283, -20.30391], [-40.32274, -20.30379], [-40.32248, -20.30313], [-40.32226, -20.30244], [-40.32219, -20.30214], [-40.32217, -20.30114], [-40.32219, -20.30107], [-40.32222, -20.301], [-40.32203, -20.3008], [-40.32185, -20.30058], [-40.32181, -20.30055], [-40.32126, -20.30001], [-40.32107, -20.29989], [-40.32066, -20.29959], [-40.32048, -20.2994], [-40.32043, -20.29932], [-40.32038, -20.29927], [-40.32034, -20.29921], [-40.32015, -20.29871], [-40.3201, -20.29861], [-40.31992, -20.29837], [-40.31973, -20.29818], [-40.31883, -20.29749], [-40.31777, -20.29708], [-40.31763, -20.29706], [-40.31757, -20.29707], [-40.31751, -20.29709], [-40.31737, -20.29719], [-40.31728, -20.29728], [-40.31722, -20.29736], [-40.31705, -20.29738], [-40.31693, -20.29738], [-40.31687, -20.29736], [-40.31657, -20.29718], [-40.31623, -20.29701], [-40.31616, -20.29695], [-40.31568, -20.29664], [-40.31537, -20.29649], [-40.31509, -20.29631], [-40.31471, -20.29611], [-40.31436, -20.29588], [-40.31351, -20.29537], [-40.31349, -20.29535], [-40.313, -20.29511], [-40.31255, -20.29501], [-40.31166, -20.29476], [-40.31116, -20.29451], [-40.31045, -20.294], [-40.31031, -20.29384], [-40.31013, -20.2936], [-40.3101, -20.29355], [-40.31001, -20.29348], [-40.30994, -20.29339], [-40.30984, -20.29329], [-40.30969, -20.29318], [-40.3093, -20.29299], [-40.30922, -20.29294], [-40.3087, -20.29274], [-40.30842, -20.29265], [-40.30837, -20.29262], [-40.30826, -20.29258], [-40.30791, -20.29242], [-40.30779, -20.29239], [-40.30779, -20.29238], [-40.30749, -20.2923], [-40.30742, -20.29229], [-40.30523, -20.29165], [-40.3051, -20.29163], [-40.30291, -20.29104], [-40.30285, -20.29103], [-40.30279, -20.29101], [-40.30333, -20.28976], [-40.30404, -20.28792], [-40.30411, -20.28757], [-40.30413, -20.2874], [-40.30414, -20.28717], [-40.30412, -20.2869], [-40.30409, -20.28671], [-40.30408, -20.28668], [-40.30408, -20.28666], [-40.30404, -20.28654], [-40.30402, -20.2865], [-40.30399, -20.2864], [-40.30383, -20.28609], [-40.30371, -20.28591], [-40.30281, -20.28475], [-40.30273, -20.28458], [-40.30269, -20.28452], [-40.30247, -20.284], [-40.30218, -20.28339], [-40.30205, -20.28318], [-40.30188, -20.28282], [-40.30186, -20.28267], [-40.30175, -20.28213], [-40.30091, -20.27677], [-40.3009, -20.2766], [-40.30074, -20.27535], [-40.3007, -20.27482], [-40.3007, -20.27397], [-40.30072, -20.27358], [-40.30083, -20.27281], [-40.30116, -20.27108], [-40.30117, -20.27073], [-40.30114, -20.27057], [-40.30109, -20.27041], [-40.30103, -20.27026], [-40.30086, -20.26998], [-40.29732, -20.26587], [-40.2972, -20.26582], [-40.29718, -20.26582], [-40.29716, -20.26581], [-40.29709, -20.26581], [-40.29707, -20.26582], [-40.29705, -20.26582], [-40.29703, -20.26583], [-40.29701, -20.26583], [-40.29699, -20.26584], [-40.29682, -20.26597], [-40.29677, -20.26603], [-40.2966, -20.26619], [-40.29548, -20.2669], [-40.29531, -20.26692], [-40.29516, -20.26698], [-40.29349, -20.2679], [-40.2909, -20.26942], [-40.29029, -20.26973], [-40.28965, -20.27009], [-40.28952, -20.27009], [-40.28948, -20.2701], [-40.28944, -20.27012], [-40.28918,